v30,v32
v30,v31
v30,v34
v30,v33
v30,v36
v30,v35
v30,v37
v21,v32
v21,v31
v21,v34
v21,v33
v21,v36
v21,v35
v32,v30
v32,v21
v32,v31
v32,v23
v32,v34
v32,v22
v32,v33
v32,v25
v32,v36
v32,v24
v32,v35
v32,v26
v32,v37
v32,v29
v32,v28
v31,v30
v31,v21
v31,v32
v31,v23
v31,v34
v31,v22
v31,v33
v31,v25
v31,v36
v31,v24
v31,v35
v31,v27
v31,v26
v31,v37
v31,v29
v31,v28
v23,v32
v23,v31
v23,v34
v23,v33
v34,v30
v34,v21
v34,v32
v34,v31
v34,v23
v34,v33
v34,v36
v34,v24
v34,v35
v34,v26
v34,v29
v34,v28
v22,v32
v22,v31
v22,v33
v22,v36
v22,v35
v22,v37
v33,v30
v33,v21
v33,v32
v33,v31
v33,v23
v33,v34
v33,v22
v33,v25
v33,v36
v33,v35
v33,v26
v33,v37
v33,v29
v33,v28
v25,v32
v25,v31
v25,v33
v36,v30
v36,v21
v36,v32
v36,v31
v36,v34
v36,v33
v36,v22
v36,v35
v36,v24
v36,v37
v36,v28
v24,v32
v24,v31
v24,v34
v24,v36
v24,v35
v35,v30
v35,v21
v35,v32
v35,v31
v35,v34
v35,v33
v35,v22
v35,v36
v35,v24
v35,v26
v35,v37
v35,v28
v27,v31
v27,v37
v26,v32
v26,v31
v26,v34
v26,v33
v26,v35
v37,v30
v37,v32
v37,v31
v37,v33
v37,v22
v37,v36
v37,v35
v37,v27
v37,v29
v37,v28
v29,v32
v29,v31
v29,v34
v29,v33
v29,v37
v28,v32
v28,v31
v28,v34
v28,v33
v28,v36
v28,v35
v28,v37
